{"Gaussian Filter":0.0944052566,"EMA":0.0985653049,"Original":0.0914557267}
