{"Gaussian Filter":0.0830174922,"EMA":0.0883192229,"Original":0.0784530595}
{"Gaussian Filter":0.0955688828,"EMA":0.0980383048,"Original":0.0939643819}
{"Gaussian Filter":0.1354926657,"EMA":0.1367153255,"Original":0.1351278063}
{"Gaussian Filter":0.0963196808,"EMA":0.0988201201,"Original":0.0950263082}
{"Gaussian Filter":0.0959155455,"EMA":0.0996320485,"Original":0.0929122429}
