{"Gaussian Filter":0.0467648989,"EMA":0.0557750657,"original":0.0387687072}
{"Gaussian Filter":0.0904911524,"EMA":0.093143917,"original":0.0889890512}
{"Gaussian Filter":0.0870670078,"EMA":0.0918585783,"original":0.0833266937}
{"Gaussian Filter":0.0756650844,"EMA":0.0802053944,"original":0.0720482206}
{"Gaussian Filter":0.0749201797,"EMA":0.0806315477,"original":0.070297722}
