{"Gaussian Filter":0.1084110252,"EMA":0.1086769022,"original":0.108734415}
{"Gaussian Filter":0.0347248971,"EMA":0.0435778039,"original":0.0100604475}
{"Gaussian Filter":0.0465125175,"EMA":0.0523315164,"original":0.0282684158}
{"Gaussian Filter":0.0697827071,"EMA":0.0748515943,"original":0.0760036853}
{"Gaussian Filter":0.0883066298,"EMA":0.0920037597,"original":0.0908223831}
