{"Gaussian Filter":0.1211096607,"EMA":0.1196802079,"Original":0.1190978312}
{"Gaussian Filter":0.0356843033,"EMA":0.0430916304,"Original":0.0116231267}
{"Gaussian Filter":0.0474702854,"EMA":0.0513951103,"Original":0.0355262936}
{"Gaussian Filter":0.0359593238,"EMA":0.0442702028,"Original":0.014985185}
{"Gaussian Filter":0.1062275224,"EMA":0.1049011188,"Original":0.1032093397}
