{"Gaussian Filter":0.0361412795,"EMA":0.0429090674,"Original":0.0159956181}
